<?xml version="1.0" encoding="UTF-8"?>
<GenRun Id="synth_1" LaunchPart="xc7z020clg484-1" LaunchTime="1676858167">
  <File Type="PA-TCL" Name="PS_919106840333_wrapper.tcl"/>
  <File Type="RDS-PROPCONSTRS" Name="PS_919106840333_wrapper_drc_synth.rpt"/>
  <File Type="REPORTS-TCL" Name="PS_919106840333_wrapper_reports.tcl"/>
  <File Type="RDS-RDS" Name="PS_919106840333_wrapper.vds"/>
  <File Type="RDS-UTIL" Name="PS_919106840333_wrapper_utilization_synth.rpt"/>
  <File Type="RDS-UTIL-PB" Name="PS_919106840333_wrapper_utilization_synth.pb"/>
  <File Type="RDS-DCP" Name="PS_919106840333_wrapper.dcp"/>
  <File Type="VDS-TIMINGSUMMARY" Name="PS_919106840333_wrapper_timing_summary_synth.rpt"/>
  <File Type="VDS-TIMING-PB" Name="PS_919106840333_wrapper_timing_summary_synth.pb"/>
  <FileSet Name="sources" Type="DesignSrcs" RelSrcDir="$PSRCDIR/sources_1">
    <Filter Type="Srcs"/>
    <File Path="$PSRCDIR/sources_1/bd/PS_919106840333/PS_919106840333.bd">
      <FileInfo>
        <Attr Name="UsedIn" Val="synthesis"/>
        <Attr Name="UsedIn" Val="implementation"/>
        <Attr Name="UsedIn" Val="simulation"/>
      </FileInfo>
    </File>
    <File Path="$PSRCDIR/sources_1/bd/PS_919106840333/hdl/PS_919106840333_wrapper.v">
      <FileInfo>
        <Attr Name="UsedIn" Val="synthesis"/>
        <Attr Name="UsedIn" Val="implementation"/>
        <Attr Name="UsedIn" Val="simulation"/>
      </FileInfo>
    </File>
    <Config>
      <Option Name="DesignMode" Val="RTL"/>
      <Option Name="TopModule" Val="PS_919106840333_wrapper"/>
      <Option Name="TopAutoSet" Val="TRUE"/>
    </Config>
  </FileSet>
  <FileSet Name="constrs_in" Type="Constrs" RelSrcDir="$PSRCDIR/constrs_1">
    <Filter Type="Constrs"/>
    <File Path="$PSRCDIR/constrs_1/new/PS_919106840333.xdc">
      <FileInfo>
        <Attr Name="UsedIn" Val="synthesis"/>
        <Attr Name="UsedIn" Val="implementation"/>
      </FileInfo>
    </File>
    <Config>
      <Option Name="ConstrsType" Val="XDC"/>
    </Config>
  </FileSet>
  <FileSet Name="utils" Type="Utils" RelSrcDir="$PSRCDIR/utils_1">
    <Filter Type="Utils"/>
    <Config>
      <Option Name="TopAutoSet" Val="TRUE"/>
    </Config>
  </FileSet>
  <Strategy Version="1" Minor="2">
    <StratHandle Name="Vivado Synthesis Defaults" Flow="Vivado Synthesis 2019">
      <Desc>Vivado Synthesis Defaults</Desc>
    </StratHandle>
    <Step Id="synth_design"/>
  </Strategy>
  <BlockFileSet Type="BlockSrcs" Name="PS_919106840333_processing_system7_0_0"/>
</GenRun>
